Day,Subject,Quest,Deliverable
1,ELA Skills Lab,Figurative Language Anime Detective,Create a 6-panel mini comic. Each panel must use one type of figurative language. Label the trick used.
2,ELA Skills Lab,Paragraph Power-Up,"Write one paragraph about a favorite game, sport, or movie. Highlight topic sentence in yellow and evidence in blue."
3,Math Quest Arena,Negative Number Duel,Draw a number line from -10 to 10. Make 8 jumps and write the equation for each jump.
4,Math Quest Arena,Ratio Ramen Shop,"If 3 bowls use 6 eggs, build a table for 1, 2, 5, and 10 bowls. Find eggs per bowl."
5,Reading Adventure Guild,Fiction Character Tracker,"Read 15 pages. Fill the character tracker in the app: goal, obstacle, choice, consequence."
6,Reading Adventure Guild,Nonfiction Evidence Hunter,Read one article. Collect 3 facts and explain what each fact proves.
7,Life Science Lab,Is Fire Alive? Investigation,"Make a T-chart for fire, a plant, a phone, and a mushroom. Score each against the five characteristics of life."
8,Life Science Lab,Energy Flow Comic,Draw a 4-step energy comic: Sun -> plant -> animal -> decomposer.
9,World Explorer Ops,Latitude/Longitude Treasure Map,Use a map to find 5 cities. Write each city with latitude first and longitude second.
10,World Explorer Ops,Climate Factor Boss Battle,"Pick two cities with different climates. Compare latitude, elevation, and distance from water."
11,ELA Skills Lab,Figurative Language Anime Detective,Create a 6-panel mini comic. Each panel must use one type of figurative language. Label the trick used.
12,ELA Skills Lab,Paragraph Power-Up,"Write one paragraph about a favorite game, sport, or movie. Highlight topic sentence in yellow and evidence in blue."
13,Math Quest Arena,Negative Number Duel,Draw a number line from -10 to 10. Make 8 jumps and write the equation for each jump.
14,Math Quest Arena,Ratio Ramen Shop,"If 3 bowls use 6 eggs, build a table for 1, 2, 5, and 10 bowls. Find eggs per bowl."
15,Reading Adventure Guild,Fiction Character Tracker,"Read 15 pages. Fill the character tracker in the app: goal, obstacle, choice, consequence."
16,Reading Adventure Guild,Nonfiction Evidence Hunter,Read one article. Collect 3 facts and explain what each fact proves.
17,Life Science Lab,Is Fire Alive? Investigation,"Make a T-chart for fire, a plant, a phone, and a mushroom. Score each against the five characteristics of life."
18,Life Science Lab,Energy Flow Comic,Draw a 4-step energy comic: Sun -> plant -> animal -> decomposer.
19,World Explorer Ops,Latitude/Longitude Treasure Map,Use a map to find 5 cities. Write each city with latitude first and longitude second.
20,World Explorer Ops,Climate Factor Boss Battle,"Pick two cities with different climates. Compare latitude, elevation, and distance from water."
21,ELA Skills Lab,Figurative Language Anime Detective,Create a 6-panel mini comic. Each panel must use one type of figurative language. Label the trick used.
22,ELA Skills Lab,Paragraph Power-Up,"Write one paragraph about a favorite game, sport, or movie. Highlight topic sentence in yellow and evidence in blue."
23,Math Quest Arena,Negative Number Duel,Draw a number line from -10 to 10. Make 8 jumps and write the equation for each jump.
24,Math Quest Arena,Ratio Ramen Shop,"If 3 bowls use 6 eggs, build a table for 1, 2, 5, and 10 bowls. Find eggs per bowl."
25,Reading Adventure Guild,Fiction Character Tracker,"Read 15 pages. Fill the character tracker in the app: goal, obstacle, choice, consequence."
26,Reading Adventure Guild,Nonfiction Evidence Hunter,Read one article. Collect 3 facts and explain what each fact proves.
27,Life Science Lab,Is Fire Alive? Investigation,"Make a T-chart for fire, a plant, a phone, and a mushroom. Score each against the five characteristics of life."
28,Life Science Lab,Energy Flow Comic,Draw a 4-step energy comic: Sun -> plant -> animal -> decomposer.
29,World Explorer Ops,Latitude/Longitude Treasure Map,Use a map to find 5 cities. Write each city with latitude first and longitude second.
30,World Explorer Ops,Climate Factor Boss Battle,"Pick two cities with different climates. Compare latitude, elevation, and distance from water."
