Day,Module,Quest,Artifact
1,Math Mastery Arena,Decimal Place Value Portal,"Build a decimal place-value chart and place 2.375, 2.735, and 2.537 in order from least to greatest."
2,Math Mastery Arena,Fraction Forge,"Draw a recipe card that doubles 1/3 cup, 3/4 cup, and 2/5 cup. Show the model and the answer."
3,Math Mastery Arena,Volume Builder Quest,"Design a storage box with length 6, width 4, height 3. Show the cube layers and calculate volume."
4,Reading and ELA Guild,Evidence Detective,"Read one page from any book. Copy one quote and write: This quote proves..., because..."
5,Reading and ELA Guild,Theme and Character Challenge,"Create a comic strip showing problem, character choice, result, and possible theme."
6,Reading and ELA Guild,Vocabulary Power-Up,"Collect 5 new words. For each word, write a guess, the clue, and the dictionary meaning."
7,Writing Studio,Paragraph Builder,"Write one paragraph about a hobby. Label the topic sentence, two details, and conclusion."
8,Writing Studio,Sentence Upgrade Lab,Take 6 short sentences and combine them into 3 stronger sentences.
9,Science Lab Quest,Matter Mystery Lab,"Compare salt, sugar, sand, and water using properties: color, texture, solubility, and magnetism."
10,Science Lab Quest,Energy Food Web Mission,Draw a food web: Sun -> plant -> insect -> bird -> decomposer. Add arrows for energy movement.
11,Science Lab Quest,Earth Systems Explorer,"Draw a labeled scene of a river, hill, clouds, plants, and animals. Add arrows showing interactions."
12,Social Studies Explorer,Map and Timeline Room,Create a timeline of 5 events from a topic you are studying and place the location on a map.
13,Social Studies Explorer,Civics Decision Quest,Pick one school problem. Write three possible solutions and the pros and cons of each.
14,Social Studies Explorer,Economics Market Mission,"Plan a mini-store with 5 products. Identify need/want, price, cost, and one trade-off."
15,Math Mastery Arena,Decimal Place Value Portal,"Build a decimal place-value chart and place 2.375, 2.735, and 2.537 in order from least to greatest."
16,Math Mastery Arena,Fraction Forge,"Draw a recipe card that doubles 1/3 cup, 3/4 cup, and 2/5 cup. Show the model and the answer."
17,Math Mastery Arena,Volume Builder Quest,"Design a storage box with length 6, width 4, height 3. Show the cube layers and calculate volume."
18,Reading and ELA Guild,Evidence Detective,"Read one page from any book. Copy one quote and write: This quote proves..., because..."
19,Reading and ELA Guild,Theme and Character Challenge,"Create a comic strip showing problem, character choice, result, and possible theme."
20,Reading and ELA Guild,Vocabulary Power-Up,"Collect 5 new words. For each word, write a guess, the clue, and the dictionary meaning."
21,Writing Studio,Paragraph Builder,"Write one paragraph about a hobby. Label the topic sentence, two details, and conclusion."
22,Writing Studio,Sentence Upgrade Lab,Take 6 short sentences and combine them into 3 stronger sentences.
23,Science Lab Quest,Matter Mystery Lab,"Compare salt, sugar, sand, and water using properties: color, texture, solubility, and magnetism."
24,Science Lab Quest,Energy Food Web Mission,Draw a food web: Sun -> plant -> insect -> bird -> decomposer. Add arrows for energy movement.
25,Science Lab Quest,Earth Systems Explorer,"Draw a labeled scene of a river, hill, clouds, plants, and animals. Add arrows showing interactions."
26,Social Studies Explorer,Map and Timeline Room,Create a timeline of 5 events from a topic you are studying and place the location on a map.
27,Social Studies Explorer,Civics Decision Quest,Pick one school problem. Write three possible solutions and the pros and cons of each.
28,Social Studies Explorer,Economics Market Mission,"Plan a mini-store with 5 products. Identify need/want, price, cost, and one trade-off."
29,Math Mastery Arena,Decimal Place Value Portal,"Build a decimal place-value chart and place 2.375, 2.735, and 2.537 in order from least to greatest."
30,Math Mastery Arena,Fraction Forge,"Draw a recipe card that doubles 1/3 cup, 3/4 cup, and 2/5 cup. Show the model and the answer."
